id,t,x,y,v_x,v_y,a_x,a_y
0,0.0,10,10,0,0,0,0
0,0.016666666666666666,10.0,10.0,0.0,0.0,0.0,0.0
0,0.03333333333333333,10.0,10.0,0.0,0.0,0.0,0.0
0,0.05,10.0,10.0,0.0,0.0,0.0,0.0
0,0.06666666666666667,10.0,10.0,0.0,0.0,0.0,0.0
0,0.08333333333333333,10.0,10.0,0.0,0.0,0.0,0.0
0,0.1,10.0,10.0,0.0,0.0,0.0,0.0
0,0.11666666666666667,10.0,10.0,0.0,0.0,0.0,0.0
0,0.13333333333333333,10.0,10.0,0.0,0.0,0.0,0.0
0,0.15,10.0,10.0,0.0,0.0,0.0,0.0
0,0.16666666666666666,10.0,10.0,0.0,0.0,0.0,0.0
0,0.18333333333333332,10.0,10.0,0.0,0.0,0.0,0.0
0,0.2,10.0,10.0,0.0,0.0,0.0,0.0
0,0.21666666666666667,10.0,10.0,0.0,0.0,0.0,0.0
0,0.23333333333333334,10.0,10.0,0.0,0.0,0.0,0.0
0,0.25,10.0,10.0,0.0,0.0,0.0,0.0
0,0.26666666666666666,10.0,10.0,0.0,0.0,0.0,0.0
0,0.2833333333333333,10.0,10.0,0.0,0.0,0.0,0.0
0,0.3,10.0,10.0,0.0,0.0,0.0,0.0
0,0.31666666666666665,10.0,10.0,0.0,0.0,0.0,0.0
0,0.3333333333333333,10.0,10.0,0.0,0.0,0.0,0.0
0,0.35,10.0,10.0,0.0,0.0,0.0,0.0
0,0.36666666666666664,10.0,10.0,0.0,0.0,0.0,0.0
0,0.38333333333333336,10.0,10.0,0.0,0.0,0.0,0.0
0,0.4,10.0,10.0,0.0,0.0,0.0,0.0
0,0.4166666666666667,10.0,10.0,0.0,0.0,0.0,0.0
0,0.43333333333333335,10.0,10.0,0.0,0.0,0.0,0.0
0,0.45,10.0,10.0,0.0,0.0,0.0,0.0
0,0.4666666666666667,10.0,10.0,0.0,0.0,0.0,0.0
0,0.48333333333333334,10.0,10.0,0.0,0.0,0.0,0.0
0,0.5,10.0,10.0,0.0,0.0,0.0,0.0
0,0.5166666666666667,10.0,10.0,0.0,0.0,0.0,0.0
0,0.5333333333333333,10.0,10.0,0.0,0.0,0.0,0.0
0,0.55,10.0,10.0,0.0,0.0,0.0,0.0
0,0.5666666666666667,10.0,10.0,0.0,0.0,0.0,0.0
0,0.5833333333333334,10.0,10.0,0.0,0.0,0.0,0.0
0,0.6,10.0,10.0,0.0,0.0,0.0,0.0
0,0.6166666666666667,10.0,10.0,0.0,0.0,0.0,0.0
0,0.6333333333333333,10.0,10.0,0.0,0.0,0.0,0.0
0,0.65,10.0,10.0,0.0,0.0,0.0,0.0
0,0.6666666666666666,10.0,10.0,0.0,0.0,0.0,0.0
0,0.6833333333333333,10.0,10.0,0.0,0.0,0.0,0.0
0,0.7,10.0,10.0,0.0,0.0,0.0,0.0
0,0.7166666666666667,10.0,10.0,0.0,0.0,0.0,0.0
0,0.7333333333333333,10.0,10.0,0.0,0.0,0.0,0.0
0,0.75,10.0,10.0,0.0,0.0,0.0,0.0
0,0.7666666666666667,10.001876319444445,10.000626319444445,0.22515833333333332,0.07515833333333333,13.5095,4.5095
0,0.7833333333333333,10.007505017177856,10.002505190788966,0.4502853946759259,0.15030622800925925,13.507623680555554,4.508873680555555
0,0.8,10.016885050836736,10.0056362660904,0.6753186443896283,0.2254228081627765,13.501994982822143,4.506994809211034
0,0.8166666666666667,10.030014335875059,10.010018849522822,0.900195560209016,0.30048720372793647,13.492614949163263,4.5038637339096
0,0.8333333333333334,10.046889745998559,10.01565189752252,1.1248536546110983,0.37547855623588944,13.47948566412494,4.499481150477178
0,0.85,10.067507113888466,10.022534019029575,1.349230492177789,0.45037602461051407,13.46261025400144,4.49384810247748
0,0.8666666666666667,10.0918612322145,10.030663475825996,1.5732637069463145,0.5251587909600212,13.441992886111533,4.486965980970425
0,0.8833333333333333,10.119945854936908,10.040038182970354,1.7968910197427395,0.5998060663629212,13.4176387677855,4.478836524174004
0,0.9,10.151753698897213,10.050655709328769,2.020050255493791,0.6742970966467486,13.38955414506309,4.469461817029646
0,0.9166666666666666,10.187276445697263,10.06265216709103,2.2426793605121706,0.7652778348246025,13.357746301102786,5.458844290671231
0,0.9333333333333333,10.22636585497723,10.0761633043149,2.448049753083883,0.8560586320397521,12.322223554302736,5.446847832908969
0,0.95,10.26887267504877,10.091185578278852,2.652768655500929,0.9466142436345037,12.28313414502277,5.4333366956851
0,0.9666666666666667,10.314785573102252,10.10771502600911,2.856779110916783,1.0369194839965228,12.240627324951229,5.418314421721148
0,0.9833333333333333,10.364092268621269,10.125747265322106,3.0600243513650787,1.1269492335630376,12.194714426897747,5.40178497399089
0,1.0,10.416779536662267,10.145277495983528,3.2624478135547244,1.2166784458076692,12.14540773137873,5.383752734677894
0,1.0166666666666666,10.472833211396976,10.166300500983658,3.4639931546103533,1.3060821542079437,12.092720463337733,5.364222504016472
0,1.0333333333333334,10.532238189916677,10.188810647928653,3.664604267753737,1.3951354791915493,12.036666788603023,5.343199499016342
0,1.05,10.594978436297307,10.21280189054741,3.8642252979217924,1.4838136350594051,11.977261810083322,5.320689352071347
0,1.0666666666666667,10.661036985924296,10.238267770313602,4.062800657316838,1.572091936883615,11.914521563702692,5.296698109452589
0,1.0833333333333333,10.730257061187087,10.265201418182452,4.243608374218099,1.6599458073783884,10.848463014075703,5.271232229686398
0,1.1,10.80248098449889,10.293595556441788,4.423262423198315,1.7473507837420141,10.779242938812912,5.2442985818175485
0,1.1166666666666667,10.877689110859905,10.323442500676872,4.601712740123333,1.8342825244679843,10.707019015501109,5.215904443558212
0,1.1333333333333333,10.955860963596562,10.354734161848468,4.778909588275668,1.9207168161233699,10.631810889140095,5.186057499323128
0,1.15,11.03697523993399,10.3874620484836,4.9548035722157255,2.006629580092562,10.553639036403437,5.154765838151532
0,1.1666666666666667,11.121009816798706,10.421617268978409,5.129345651550159,2.091996879284502,10.472524760066008,5.1220379515164
0,1.1833333333333333,11.207941756849987,10.45719053401246,5.302487154603514,2.176794924801529,10.388490183201293,5.087882731021591
0,1.2,11.297747314738261,10.494172159073873,5.474179791989347,2.2610000825679877,10.301558243150012,5.05230946598754
0,1.2166666666666666,11.390401943588815,10.532690955983469,5.644375670077043,2.3612555465834233,10.211752685261738,6.015327840926127
0,1.2333333333333334,11.485880301709045,10.572875327460418,5.8130273043505625,2.4608690306503656,10.119098056411184,5.976809044016531
0,1.25,11.584156259517428,10.61471434250911,5.980087632655412,2.559812775192692,10.023619698290954,5.936624672539582
0,1.2666666666666666,11.685202906692307,10.65819660899253,6.145510028330121,2.65805920281754,9.925343740482571,5.89478565749089
0,1.2833333333333334,11.788992559538546,10.703310276732685,6.309248313218583,2.755580926000998,9.824297093307692,5.8513033910074705
0,1.3,11.89549676857003,10.75004304073871,6.471256770559607,2.85235075472212,9.720507440461454,5.806189723267315
0,1.3166666666666667,12.004686326305945,10.798382144561753,6.631490157750106,2.948341704043141,9.614003231429969,5.75945695926129
0,1.3333333333333333,12.116670164167571,10.848314383775728,6.806570385645006,3.0435270016337785,10.504813673694054,5.711117855438247
0,1.35,12.231556452516632,10.899826109582989,6.979784216242214,3.1378800952375165,10.392829835832428,5.661185616224272
0,1.3666666666666667,12.349313681613374,10.95290323254395,7.151083275366937,3.2313746600778,10.277943547483368,5.609673890417011
0,1.3833333333333333,12.470048428747043,11.007531226429615,7.337086380673381,3.3239846062020675,11.160186318386625,5.556596767456051
0,1.4,12.59386645892094,11.063695132195978,7.521077240194264,3.415684085761574,11.039451571252956,5.501968773570385
0,1.4166666666666667,12.72073380647155,11.121379562079198,7.703004465878915,3.5064475002249744,10.915633541079059,5.445804867804022
0,1.4333333333333333,12.8506156539853,11.180568703810437,7.882817235771056,3.5962495075236545,10.78876619352845,5.388120437920802
0,1.45,12.983476341851762,11.241246324949191,8.060465308204634,3.6850650291268137,10.6588843460147,5.328931296189563
0,1.4666666666666666,13.119279378052138,11.30339577733395,8.235899035840438,3.772869257044327,10.526023658148237,5.268253675050809
0,1.4833333333333334,13.258126337069193,11.36686111276006,8.425736046206236,3.8429709940887613,11.390220621947861,4.20610422266605
0,1.5,13.400117961959149,11.431485995840323,8.613258940588416,3.9120149755427605,11.251373662930806,4.142638887239941
0,1.5166666666666666,13.545215247363128,11.497252636266612,8.798415307889098,3.9799818756120886,11.10938203804085,4.0780140041596775
0,1.5333333333333334,13.693378319821369,11.56414292410511,8.981153387099711,4.046852665007645,10.964284752636871,4.012247363733388
0,1.55,13.84456644872861,11.632138434782444,9.161422081769356,4.11260861627256,10.81612168017863,3.945357075894891
0,1.5666666666666667,13.99873805752911,11.701220434159934,9.339170974290546,4.177231309026186,10.664933551271389,3.877361565217556
0,1.5833333333333333,14.155850735148185,11.771369883694515,9.514350339998394,4.240702635123521,10.51076194247089,3.808279565840066
0,1.6,14.316000136546055,11.84256744568495,9.703577827745924,4.303004803728612,11.353649264851814,3.738130116305485
0,1.6166666666666667,14.479281086433968,11.914793488601859,9.89013615880349,4.364120346300529,11.193499863453944,3.666932554315051
0,1.6333333333333333,14.6456486639298,11.988028092500118,10.073973140696257,4.424032121490498,11.030218913566031,3.594706511398141
0,1.65,14.815057084515859,12.062112165623223,10.25503732963076,4.466056653282163,10.8638513360702,2.5214719074998824
0,1.6666666666666667,14.987320823747966,12.136886358154921,10.416611378222163,4.506846450521776,9.69444291548414,2.4473878343767774
0,1.6833333333333333,15.162253538270592,12.212329995336097,10.57531436449303,4.546390011219194,9.522179176252033,2.3726136418450787
0,1.7,15.33980700635405,12.288422213579286,10.731101805521854,4.584676177963592,9.347246461729407,2.2971700046639034
0,1.7166666666666666,15.519932271584088,12.365141966237905,10.88393002208262,4.621694141070604,9.169692993645949,2.2210777864207136
0,1.7333333333333334,15.702579656358855,12.442468029427104,11.033756150889552,4.657433441633305,8.989567728415912,2.144358033762095
0,1.75,15.887698775588076,12.520379007894682,11.180538156616905,4.691883974476187,8.806920343641144,2.067031970572896
0,1.7666666666666666,16.075238550590637,12.598853340940412,11.324234843690437,4.725035991011275,8.621801224411923,1.9891209921053177
0,1.7833333333333334,16.265147223186784,12.677869308382135,11.464805867847259,4.756880101995601,8.434261449409362,1.910646659059588
0,1.8,16.457511258869907,12.75740503656701,11.61887841412748,4.787407280189232,9.244352776813216,1.8316306916178648
0,1.8166666666666667,16.65241645309719,12.837438504426196,11.769744893146314,4.816608862913115,9.051988741130092,1.7520949634329908
0,1.8333333333333333,16.849809018475586,12.917947549571355,11.91736295226136,4.844476554506011,8.85708354690281,1.6720614955738045
0,1.85,17.049634469205152,12.998909874431238,12.061691135286766,4.871002428679822,8.659690981524413,1.5915524504286447
0,1.8666666666666667,17.251837636116985,13.080303052426675,12.202688894133347,4.896178930772635,8.459865530794847,1.5105901255687622
0,1.8833333333333333,17.456501570791968,13.162104534182271,12.35698326686473,4.9199988798988565,9.257662363883014,1.4291969475733248
0,1.9,17.663708652799325,13.24429165377306,12.507866574018198,4.942455470995819,9.052998429208031,1.347395465817729
0,1.9166666666666667,17.873401677831186,13.32684163500441,12.655296429804876,4.963542276766268,8.845791347200674,1.2652083462269408
0,1.9333333333333333,18.08566163198379,13.40987048661232,12.815898068507689,4.999919916182861,9.636098322168813,2.18265836499559
0,1.95,18.300568799565585,13.49349410042556,12.972962041307959,5.0349137414059895,9.42383836801621,2.09962951338768
0,1.9666666666666666,18.518063851809668,13.577689330268377,13.126444227981866,5.06851383973223,9.208931200434414,2.0160058995744405
0,1.9833333333333334,18.73808673285217,13.662432867968043,13.276301497118371,5.1007106842277565,8.991436148190331,1.9318106697316226
0,2.0,18.96071556520236,13.747701249806843,13.439158384904168,5.131495136428289,9.771413267147828,1.847067132031957
0,2.0166666666666666,19.186027758344483,13.833470863018174,13.598304792150795,5.160858448931508,9.54878443479764,1.7617987501931571
0,2.033333333333333,19.413961098247228,13.919717952324946,13.753695996178386,5.1887922678812055,9.323472241655516,1.6760291369818257
0,2.05,19.644452634142112,14.006418626518476,13.905288311207599,5.215288635342456,9.095538901752771,1.5897820476750537
0,2.066666666666667,19.877577584796384,14.093548865076055,14.06970576730523,5.240339991567148,9.865047365857887,1.5030813734815238
0,2.0833333333333335,20.11341044792025,14.181084524815358,14.230237807558623,5.263939177149214,9.631922415203615,1.4159511349239446
0,2.1,20.351886090484015,14.269001346583842,14.386839300093285,5.286079435068958,9.39608955207975,1.3284154751846424
0,2.1166666666666667,20.593077525195223,14.357274961981298,14.556132865251886,5.306754412625894,10.157613909515984,1.2404986534161582
0,2.1333333333333333,20.837057020515367,14.445880900113677,14.721406573165298,5.325958163259539,9.916422474804776,1.1522250380187016
0,2.15,21.08375719159305,14.53479459437632,14.882613956156709,5.343685148257644,9.672442979484632,1.0636190998863233
0,2.1666666666666665,21.33310988847461,14.623991389264729,15.039709669630158,5.359930238351372,9.425742808406948,0.9747054056236796
0,2.183333333333333,21.58518510381727,14.713446547210966,15.209316171488915,5.374688715196959,10.17639011152539,0.8855086107352709
0,2.2,21.840052083744332,14.803274144332692,15.374721419758627,5.4046229394101095,9.924314896182729,1.7960534527890344
0,2.216666666666667,22.097640419617566,14.893588169136148,15.535878885029554,5.433060037004565,9.669447916255667,1.7062258556673084
0,2.2333333333333334,22.35650360936806,14.984071044752891,15.527703885029554,5.424885037004565,-0.49050000000000005,-0.49050000000000005
0,2.25,22.61523054911855,15.074417670369634,15.519528885029555,5.416710037004566,-0.49050000000000005,-0.49050000000000005
0,2.2666666666666666,22.87382123886904,15.164628045986376,15.511353885029555,5.408535037004566,-0.49050000000000005,-0.49050000000000005
0,2.283333333333333,23.132275678619536,15.25470217160312,15.503178885029556,5.400360037004567,-0.49050000000000005,-0.49050000000000005
0,2.3,23.39059386837003,15.344640047219862,15.495003885029556,5.392185037004567,-0.49050000000000005,-0.49050000000000005
0,2.316666666666667,23.648775808120522,15.434441672836604,15.486828885029556,5.384010037004567,-0.49050000000000005,-0.49050000000000005
0,2.3333333333333335,23.906821497871015,15.524107048453347,15.478653885029557,5.375835037004568,-0.49050000000000005,-0.49050000000000005
0,2.35,24.164730937621506,15.61363617407009,15.470478885029557,5.367660037004568,-0.49050000000000005,-0.49050000000000005
0,2.3666666666666667,24.422504127371997,15.703029049686833,15.462303885029558,5.359485037004569,-0.49050000000000005,-0.49050000000000005
0,2.3833333333333333,24.68014106712249,15.792285675303576,15.454128885029558,5.351310037004569,-0.49050000000000005,-0.49050000000000005
0,2.4,24.937641756872985,15.881406050920319,15.445953885029558,5.343135037004569,-0.49050000000000005,-0.49050000000000005
0,2.4166666666666665,25.195006196623478,15.970390176537062,15.437778885029559,5.33496003700457,-0.49050000000000005,-0.49050000000000005
0,2.433333333333333,25.45223438637397,16.059238052153805,15.42960388502956,5.32678503700457,-0.49050000000000005,-0.49050000000000005
0,2.45,25.70932632612446,16.147949677770548,15.42142888502956,5.318610037004571,-0.49050000000000005,-0.49050000000000005
0,2.466666666666667,25.966282015874953,16.23652505338729,15.41325388502956,5.310435037004571,-0.49050000000000005,-0.49050000000000005
0,2.4833333333333334,26.223101455625446,16.32496417900403,15.40507888502956,5.302260037004571,-0.49050000000000005,-0.49050000000000005
0,2.5,26.47978464537594,16.413267054620775,15.39690388502956,5.294085037004572,-0.49050000000000005,-0.49050000000000005
0,2.5166666666666666,26.736331585126432,16.50143368023752,15.388728885029561,5.285910037004572,-0.49050000000000005,-0.49050000000000005
0,2.533333333333333,26.992742274876925,16.58946405585426,15.380553885029562,5.277735037004573,-0.49050000000000005,-0.49050000000000005
0,2.55,27.249016714627416,16.677358181471003,15.372378885029562,5.269560037004573,-0.49050000000000005,-0.49050000000000005
0,2.566666666666667,27.50515490437791,16.765116057087745,15.364203885029562,5.261385037004573,-0.49050000000000005,-0.49050000000000005
0,2.5833333333333335,27.761156844128404,16.85273768270449,15.356028885029563,5.253210037004574,-0.49050000000000005,-0.49050000000000005
0,2.6,28.017022533878897,16.940223058321234,15.347853885029563,5.245035037004574,-0.49050000000000005,-0.49050000000000005
0,2.6166666666666667,28.27275197362939,17.027572183937977,15.339678885029564,5.236860037004575,-0.49050000000000005,-0.49050000000000005
0,2.6333333333333333,28.528345163379882,17.11478505955472,15.331503885029564,5.228685037004575,-0.49050000000000005,-0.49050000000000005
0,2.65,28.783802103130373,17.201861685171462,15.323328885029564,5.220510037004575,-0.49050000000000005,-0.49050000000000005
0,2.6666666666666665,29.039122792880868,17.288802060788203,15.315153885029565,5.212335037004576,-0.49050000000000005,-0.49050000000000005
0,2.683333333333333,29.29430723263136,17.375606186404948,15.306978885029565,5.204160037004576,-0.49050000000000005,-0.49050000000000005
0,2.7,29.549355422381854,17.46227406202169,15.298803885029566,5.195985037004577,-0.49050000000000005,-0.49050000000000005
0,2.716666666666667,29.804267362132347,17.548805687638435,15.290628885029566,5.187810037004577,-0.49050000000000005,-0.49050000000000005
0,2.7333333333333334,30.05904305188284,17.635201063255177,15.282453885029566,5.179635037004577,-0.49050000000000005,-0.49050000000000005
0,2.75,30.31368249163333,17.72146018887192,15.274278885029567,5.171460037004578,-0.49050000000000005,-0.49050000000000005
0,2.7666666666666666,30.568185681383824,17.80758306448866,15.266103885029567,5.163285037004578,-0.49050000000000005,-0.49050000000000005
0,2.783333333333333,30.822552621134317,17.893569690105405,15.257928885029568,5.155110037004579,-0.49050000000000005,-0.49050000000000005
0,2.8,31.07678331088481,17.97942006572215,15.249753885029568,5.146935037004579,-0.49050000000000005,-0.49050000000000005
0,2.816666666666667,31.330877750635302,18.065134191338892,15.241578885029568,5.138760037004579,-0.49050000000000005,-0.49050000000000005
0,2.8333333333333335,31.584835940385794,18.150712066955634,15.233403885029569,5.13058503700458,-0.49050000000000005,-0.49050000000000005
0,2.85,31.839548875144565,18.23585498256308,15.33214828602314,5.086564835888653,5.924664059614206,-2.6412120669556343
0,2.8666666666666667,32.096011062012295,18.32025240274698,15.443314138104064,5.041125586179268,6.669951124855435,-2.7263549825630795
0,2.8833333333333333,32.354290393333194,18.403880780238477,15.55020562040386,4.994279712800152,6.413488937987705,-2.8107524027469806
0,2.9,32.61431537722974,18.486716778121224,15.65279244718164,4.946040033129511,6.155209606666806,-2.8943807802384773
0,2.9166666666666665,32.876014026991484,18.56873727634309,15.751045524227813,4.896419753494157,5.895184622770263,-2.9772167781212238
0,2.933333333333333,33.139452769891534,18.6499193781685,15.861603623777954,4.845432465555105,6.633485973008516,-3.0592372763430893
0,2.95,33.404697559069795,18.730379305458563,15.967771077613095,4.809758809252297,6.370047230108466,-2.1404193781685015
0,2.966666666666667,33.67167496625792,18.81023349682034,16.06951778496193,4.7727441541613205,6.104802440930205,-2.2208793054585625
0,2.9833333333333334,33.94031107170641,18.889459686404027,16.16681486885763,4.7343985958809816,5.8378250337420825,-2.3007334968203415
0,3.0,34.21067037353853,18.968035779712267,16.27630135099586,4.694732601107581,6.569188928293589,-2.3799596864040273
0,3.0166666666666666,34.48281690016991,19.045939859761322,16.381281844770218,4.653757004779043,6.298829626461473,-2.4585357797122667
0,3.033333333333333,34.756675303568834,19.123150193193784,16.481726563100718,4.6114830071163535,6.026683099830092,-2.5364398597613222
0,3.05,35.03216974971724,19.199645236341112,16.577606974707905,4.567922170563124,5.7528246964311665,-2.6136501931937834
0,3.066666666666667,35.309362828497136,19.275403641234337,16.685562478879284,4.523086416624105,6.477330250282759,-2.6901452363411122
0,3.0833333333333335,35.58831666664116,19.350404261561234,16.78889809840433,4.476988022603533,6.200137171502864,-2.7659036412343374
0,3.1,35.86881513263309,19.424626158568298,16.87091782062698,4.429639618244179,4.9211833333588375,-2.840904261561234
0,3.1166666666666667,36.15064163587512,19.4980486069059,16.94826256841643,4.381054182268041,4.640684867366912,-2.915126158568298
0,3.1333333333333333,36.43371807567708,19.570651100414963,17.02091020781851,4.33124503881961,4.358858364124882,-2.9885486069059004
0,3.15,36.71796599329688,19.642413357853567,17.088839906557226,4.280225853812694,4.075781924322922,-3.061151100414963
0,3.1666666666666665,37.00344548257377,19.713315328561855,17.168698806668946,4.228010631181801,4.791534006703121,-3.1329133578535666
0,3.183333333333333,37.290216303590114,19.783337198063695,17.243799715292717,4.174613709039104,4.506054517426233,-3.2038153285618547
0,3.2,37.57819897713616,19.852459393603503,17.314121110232882,4.120049755738042,4.219283696409886,-3.2738371980636947
0,3.216666666666667,37.86731367633766,19.92080147850558,17.37964279394728,4.081000432511317,3.931301022863839,-2.342959393603503
0,3.2333333333333334,38.15748024878173,19.988483249397643,17.44034589934165,4.040812074536224,3.642186323662341,-2.411301478505581
0,3.25,38.4486182387362,20.055485814077496,17.49621289519529,3.9994956870462635,3.3520197512182692,-2.4789832493976425
0,3.2666666666666666,38.7406469094563,20.121790466387424,17.547227591216352,3.9570625901449716,3.060881761263798,-2.545985814077496
0,3.283333333333333,39.03362415446137,20.187378691436177,17.61004180939208,3.913524415705181,3.768853090543698,-2.6122904663874236
0,3.3,39.32760761181868,20.252232170768565,17.66797307348439,3.868893104181245,3.4758758455386287,-2.6778786914361765
0,3.316666666666667,39.62251575920844,20.3163327874812,17.721004613287413,3.8231809013351024,3.181892388181322,-2.742732170768565
0,3.3333333333333335,39.918266806130006,20.37966263128297,17.769121017300606,3.776400354877082,2.88698424079156,-2.806832787481201
0,3.35,40.214917605473055,20.442204003498798,17.828974903865106,3.728564311022366,3.5912331938699937,-2.8701626312829687
0,3.3666666666666667,40.51252476809227,20.50393942201535,17.883884610440553,3.6796859109640527,3.2945823945269455,-2.932704003498798
0,3.3833333333333333,40.8110057581596,20.564851626167247,17.933834197639015,3.629778587263797,2.9969752319077303,-2.9944394220153496
0,3.4,41.11027778565384,20.624923581562452,17.97880910166969,3.5788560601610095,2.6984942418403977,-3.055351626167247
0,3.4166666666666665,41.41039671821144,20.684138484845473,18.035462805242126,3.526932333801635,3.3992222143461577,-3.1154235815624522
0,3.433333333333333,41.71141819597683,20.74247976839705,18.08711452660527,3.4740216923875438,3.0991032817885626,-3.174638484845473
0,3.45,42.01325872722637,20.79993110496901,18.133749223338988,3.420138696247593,2.798081804023167,-3.2329797683970503
0,3.466666666666667,42.31597347001435,20.856476412253002,18.192019911218548,3.365298177831443,3.496241272773628,-3.2904311049690085
0,3.4833333333333334,42.619617347219375,20.912238746270713,18.245245353384977,3.326181904293893,3.1935265299856512,-2.346976412253002
0,3.5,42.924106142366455,20.967341397627518,18.293410064264656,3.2861362585227147,2.889882652780625,-2.402738746270713
0,3.5166666666666666,43.229494281473315,21.021768968408782,18.353166628558547,3.2451722352289227,3.5853938576335453,-2.4578413976275177
0,3.533333333333333,43.53583594829909,21.075506246083652,18.40783339053399,3.203301085755443,3.2800057185266853,-2.512268968408782
0,3.55,43.84304618037072,21.12853820775651,18.45739445806234,3.160534314987382,2.9736640517009123,-2.566006246083652
0,3.566666666666667,44.15090087325782,21.180850024366332,18.485168688389493,3.1168836781914404,1.6664538196292797,-2.6190382077565095
0,3.5833333333333335,44.45917571238747,21.232288175943918,18.50781200716853,3.055694511118668,1.358599126742182,-3.6713500243663324
0,3.6,44.76778512421356,21.28269936388257,18.52531741196207,2.9936480415196027,1.05032428761253,-3.7227881759439176
0,3.6166666666666667,45.0766434303679,21.33206944244069,18.53767932655851,2.9307613854548933,0.7417148757864397,-3.773199363882571
0,3.6333333333333333,45.385664871445215,21.380384553109046,18.544893602719046,2.8670518947475485,0.43285656963209795,-3.822569442440691
0,3.65,45.694763630813945,21.42763112850024,18.54695752152829,2.802537152195731,0.12383512855478507,-3.870884553109046
0,3.6666666666666665,46.00385385844625,21.473795896157878,18.54386979434806,2.737234966720727,-0.18526363081394515,-3.9181311285002414
0,3.683333333333333,46.3128496947606,21.518726993395422,18.535630563373953,2.6544967017847623,-0.4943538584462487,-4.964295896157878
0,3.7,46.62166529447034,21.56227287912053,18.52224140179461,2.571009585228172,-0.803349694760601,-5.009226993395422
0,3.716666666666667,46.93035373932046,21.604421264863344,18.520371980220105,2.4867967039094965,-0.11216529447033985,-5.052772879120531
0,3.7333333333333334,47.23896815374922,21.645160248641716,18.513357751231432,2.4018813494951075,-0.42085373932045933,-5.094921264863344
0,3.75,47.54742280124839,21.68447831832099,18.501199948668944,2.3162870120177455,-0.7294681537492195,-5.135660248641716
0,3.7666666666666666,47.855631977781584,21.722364354865963,18.483901235314804,2.230037373379062,-1.0379228012483876,-5.174978318320991
0,3.783333333333333,48.16364892448436,21.758807635484104,18.478132369018443,2.143156300797963,-0.34613197778158444,-5.212864354865963
0,3.8,48.47152694328405,21.79379783665914,18.467229886943702,2.055667840206561,-0.6541489244843631,-5.2493076354841035
0,3.816666666666667,48.77918049321321,21.82732503707416,18.451196104555635,1.9675962095955752,-0.9620269432840473,-5.2842978366591415
0,3.8333333333333335,49.08652408377619,21.859379720423384,18.43003476300208,1.878965792311006,-1.2696804932132109,-5.317825037074161
0,3.85,49.39347229870348,21.88995277811184,18.403751028272477,1.7898011303039496,-1.5770240837761902,-5.349879720423384
0,3.8666666666666667,49.69993981968876,21.919035511842168,18.372351489960753,1.700126917335419,-1.8839722987034788,-5.380452778111841
0,3.8833333333333333,50.00584145010204,21.94661963608778,18.335844159632607,1.6099679921380496,-2.1904398196887582,-5.409535511842168
0,3.9,50.3109532497834,21.972697280451737,18.277571802130907,1.5193493315365867,-3.4963414501020393,-5.437119636087782
0,3.9166666666666665,50.615051466867556,21.99726099191062,18.21421424796785,1.4282960435290577,-3.8014532497834024,-5.463197280451737
0,3.933333333333333,50.91805148885218,22.020303736942783,18.145788390186723,1.3368333603305473,-4.1055514668675555,-5.487760991910618
0,3.95,51.21973010764851,22.04181890354038,18.05564586537252,1.244986631381501,-5.408551488852178,-5.5108037369427825
0,3.966666666666667,51.5198644512231,22.06180030310458,17.960475363578375,1.1527813163224947,-5.710230107648509,-5.532318903540381
0,3.9833333333333334,51.81837093444229,22.08024217222341,17.860302622724657,1.0602429779374183,-6.0103644512231,-5.5523003031045794
0,4.0,52.11502752385792,22.09713917433178,17.73848810715062,0.9673972750670281,-7.308870934442292,-5.570742172223411
0,4.016666666666667,52.40961266904323,22.11248640125313,17.611729315086322,0.8742699554948318,-7.605527523857918,-5.5876391743317795
0,4.033333333333333,52.702044253090634,22.1264182635112,17.480060770602268,0.7975535154739463,-7.900112669043227,-4.602986401253129
0,4.05,52.992240745898854,22.139069583454724,17.343518366384092,0.7206048777487596,-8.192544253090634,-4.616918263511201
0,4.066666666666666,53.280121226901656,22.150436668975058,17.202139353952443,0.6434453846911808,-8.482740745898855,-4.629569583454724
0,4.083333333333333,53.56560540763046,22.16051618418255,17.055962333504084,0.5660964402082632,-8.770621226901657,-4.6409366689750575
0,4.1,53.84861365410447,22.169305150382662,16.90502724337691,0.4885795038052207,-9.056105407630458,-4.651016184182551
0,4.116666666666666,54.129067009042124,22.176800946952973,16.749375349141836,0.4109160846321763,-9.33911365410447,-4.659805150382662
0,4.133333333333334,54.40688721388768,22.183001312120876,16.589049232324466,0.33312773551629343,-9.619567009042125,-4.667300946952973
0,4.15,54.681996730646716,22.187904343641687,16.42409277875967,0.2552360469809455,-9.89738721388768,-4.673501312120876
0,4.166666666666667,54.95431876352457,22.191508499376976,16.254551166582228,0.17726264125358404,-10.172496730646717,-4.678404343641687
0,4.183333333333334,55.22377728036156,22.193812597772954,16.08047085385682,0.09922916626396777,-10.44481876352457,-4.682008499376976
0,4.2,55.49029703385912,22.194815818238773,15.901899565850794,0.02115728963441854,-10.71427728036156,-4.684312597772954
0,4.216666666666667,55.75380358259082,22.19451770142459,15.718886281953141,-0.05693130733622767,-10.980797033859123,-4.685315818238773
0,4.233333333333333,56.014223311792456,22.193054399399344,15.531481222243293,-0.11866493569330419,-11.24430358259082,-3.7040177014245907
0,4.25,56.27148345392543,22.19056240680454,15.33973583371342,-0.18037417568329325,-11.504723311792457,-3.702554399399344
0,4.266666666666667,56.52551210900761,22.18704227298665,15.143702776147995,-0.24204188246336888,-11.761983453925428,-3.7000624068045385
0,4.283333333333333,56.776238264706045,22.182494832963233,14.943435907664535,-0.30365092034647967,-12.016012109007608,-3.6965422729866484
0,4.3,57.02359181618591,22.17692120723066,14.738990269919434,-0.3651841675625336,-12.266738264706046,-3.691994832963233
0,4.316666666666666,57.26736469682121,22.170322801492503,14.513755406316335,-0.42662452101637793,-13.514091816185914,-3.6864212072306595
0,4.333333333333333,57.50734980571859,22.16270130630869,14.284457661369315,-0.487954901041253,-13.757864696821212,-3.679822801492503
0,4.35,57.743479954268395,22.15405869666546,14.051160164607339,-0.5491582561463978,-13.997849805718591,-3.6722013063086907
0,4.366666666666666,57.975689015351534,22.14439723146626,13.813927165369533,-0.6102175677574888,-14.233979954268396,-3.6635586966654587
0,4.383333333333334,58.20391194185556,22.133719452943712,13.572824015113675,-0.6711158549485932,-14.466189015351535,-3.653897231466261
0,4.4,58.42808478489331,22.12202818599277,13.327917149416082,-0.7318361791643216,-14.69441194185556,-3.643219452943712
0,4.416666666666667,58.648144711719006,22.10932653742531,13.07927406966786,-0.7923616489308678,-14.918584784893309,-3.6315281859927717
0,4.433333333333334,58.864030023336845,22.095617895146265,12.826963324472544,-0.852675424554623,-15.138644711719007,-3.618826537425311
0,4.45,59.07568017179703,22.080905927251585,12.571054490750264,-0.9127607228070608,-15.354530023336846,-3.6051178951462655
0,4.466666666666667,59.28303577717456,22.06519458104824,12.311618154553646,-0.9726008215945872,-15.566180171797033,-3.5904059272515854
0,4.483333333333333,59.48603864422585,22.048488081996517,12.048725891600736,-1.0321790646120579,-15.773535777174562,-3.574694581048239
0,4.5,59.68463177871861,22.030790932574927,11.782450247530305,-1.0914788659786665,-15.976538644225851,-3.557988081996517
0,4.516666666666667,59.87875940343041,22.012107911067982,11.512864717884995,-1.1504837148549152,-16.17513177871861,-3.540290932574927
0,4.533333333333333,60.06836697381135,21.992444070277198,11.240043727827821,-1.2091771800393816,-16.36925940343041,-3.5216079110679823
0,4.55,60.253401193306566,21.97180473615567,10.964062611597631,-1.2675429145440016,-16.55886697381135,-3.5019440702771982
0,4.566666666666666,60.43381002833412,21.95033439525547,10.68499759170919,-1.3088979934799294,-16.743901193306566,-2.4813047361556686
0,4.583333333333333,60.611825196529274,21.928587553697472,10.67682259170919,-1.3007229934799294,-0.49050000000000005,0.49050000000000005
0,4.6,60.78970411472443,21.906976962139474,10.66864759170919,-1.2925479934799293,-0.49050000000000005,0.49050000000000005
0,4.616666666666666,60.96744678291958,21.885502620581477,10.66047259170919,-1.2843729934799293,-0.49050000000000005,0.49050000000000005
0,4.633333333333334,61.145053201114735,21.864164529023476,10.65229759170919,-1.2761979934799292,-0.49050000000000005,0.49050000000000005
0,4.65,61.322523369309884,21.842962687465477,10.644122591709191,-1.2680229934799292,-0.49050000000000005,0.49050000000000005
0,4.666666666666667,61.49985728750504,21.821897095907477,10.635947591709192,-1.2598479934799292,-0.49050000000000005,0.49050000000000005
0,4.683333333333334,61.67705495570019,21.80096775434948,10.627772591709192,-1.251672993479929,-0.49050000000000005,0.49050000000000005
0,4.7,61.854116373895344,21.78017466279148,10.619597591709192,-1.243497993479929,-0.49050000000000005,0.49050000000000005
0,4.716666666666667,62.0310415420905,21.759517821233484,10.611422591709193,-1.235322993479929,-0.49050000000000005,0.49050000000000005
0,4.733333333333333,62.20783046028565,21.738997229675483,10.603247591709193,-1.227147993479929,-0.49050000000000005,0.49050000000000005
0,4.75,62.3844831284808,21.718612888117484,10.595072591709194,-1.218972993479929,-0.49050000000000005,0.49050000000000005
0,4.766666666666667,62.56099954667596,21.698364796559485,10.586897591709194,-1.210797993479929,-0.49050000000000005,0.49050000000000005
0,4.783333333333333,62.73737971487111,21.678252955001486,10.578722591709194,-1.2026229934799288,-0.49050000000000005,0.49050000000000005
0,4.8,62.76,21.65827736344349,0.0,-1.1944479934799288,-0.49050000000000005,0.49050000000000005
0,4.816666666666666,62.76,21.63843802188549,0.0,-1.1862729934799288,0.0,0.49050000000000005
0,4.833333333333333,62.76,21.61873493032749,0.0,-1.1780979934799287,0.0,0.49050000000000005
0,4.85,62.76,21.599168088769492,0.0,-1.1699229934799287,0.0,0.49050000000000005
0,4.866666666666666,62.76,21.579737497211493,0.0,-1.1617479934799286,0.0,0.49050000000000005
0,4.883333333333334,62.76,21.560443155653495,0.0,-1.1535729934799286,0.0,0.49050000000000005
0,4.9,62.76,21.541285064095497,0.0,-1.1453979934799285,0.0,0.49050000000000005
0,4.916666666666667,62.76,21.522263222537497,0.0,-1.1372229934799285,0.0,0.49050000000000005
0,4.933333333333334,62.76,21.503377630979497,0.0,-1.1290479934799285,0.0,0.49050000000000005
0,4.95,62.76,21.484628289421497,0.0,-1.1208729934799284,0.0,0.49050000000000005
0,4.966666666666667,62.76,21.4660151978635,0.0,-1.1126979934799284,0.0,0.49050000000000005
0,4.983333333333333,62.76,21.4475383563055,0.0,-1.1045229934799283,0.0,0.49050000000000005
0,5.0,62.76,21.429197764747503,0.0,-1.0963479934799283,0.0,0.49050000000000005
0,5.016666666666667,62.76,21.410993423189502,0.0,-1.0881729934799282,0.0,0.49050000000000005
0,5.033333333333333,62.76,21.392925331631503,0.0,-1.0799979934799282,0.0,0.49050000000000005
0,5.05,62.76,21.374993490073503,0.0,-1.0718229934799282,0.0,0.49050000000000005
0,5.066666666666666,62.76,21.357197898515505,0.0,-1.0636479934799281,0.0,0.49050000000000005
0,5.083333333333333,62.76,21.339538556957507,0.0,-1.055472993479928,0.0,0.49050000000000005
0,5.1,62.76,21.32201546539951,0.0,-1.047297993479928,0.0,0.49050000000000005
0,5.116666666666666,62.76,21.30462862384151,0.0,-1.039122993479928,0.0,0.49050000000000005
0,5.133333333333334,62.76,21.28737803228351,0.0,-1.030947993479928,0.0,0.49050000000000005
0,5.15,62.76,21.27026369072551,0.0,-1.022772993479928,0.0,0.49050000000000005
0,5.166666666666667,62.76,21.253285599167512,0.0,-1.0145979934799279,0.0,0.49050000000000005
0,5.183333333333334,62.76,21.236443757609514,0.0,-1.0064229934799278,0.0,0.49050000000000005
0,5.2,62.76,21.219738166051517,0.0,-0.9982479934799278,0.0,0.49050000000000005
0,5.216666666666667,62.76,21.203168824493517,0.0,-0.9900729934799277,0.0,0.49050000000000005
0,5.233333333333333,62.76,21.186735732935517,0.0,-0.9818979934799277,0.0,0.49050000000000005
0,5.25,62.76,21.17043889137752,0.0,-0.9737229934799276,0.0,0.49050000000000005
0,5.266666666666667,62.76,21.15427829981952,0.0,-0.9655479934799276,0.0,0.49050000000000005
0,5.283333333333333,62.76,21.138253958261522,0.0,-0.9573729934799275,0.0,0.49050000000000005
0,5.3,62.76,21.122365866703525,0.0,-0.9491979934799275,0.0,0.49050000000000005
0,5.316666666666666,62.76,21.106614025145525,0.0,-0.9410229934799275,0.0,0.49050000000000005
0,5.333333333333333,62.76,21.090998433587526,0.0,-0.9328479934799274,0.0,0.49050000000000005
0,5.35,62.76,21.075519092029527,0.0,-0.9246729934799274,0.0,0.49050000000000005
0,5.366666666666666,62.76,21.06017600047153,0.0,-0.9164979934799273,0.0,0.49050000000000005
0,5.383333333333334,62.76,21.04496915891353,0.0,-0.9083229934799273,0.0,0.49050000000000005
0,5.4,62.76,21.02989856735553,0.0,-0.9001479934799272,0.0,0.49050000000000005
0,5.416666666666667,62.76,21.01496422579753,0.0,-0.8919729934799272,0.0,0.49050000000000005
0,5.433333333333334,62.76,21.00016613423953,0.0,-0.8837979934799272,0.0,0.49050000000000005
0,5.45,62.76,20.985504292681533,0.0,-0.8756229934799271,0.0,0.49050000000000005
0,5.466666666666667,62.76,20.970978701123535,0.0,-0.8674479934799271,0.0,0.49050000000000005
0,5.483333333333333,62.758157013888884,20.956037834745935,-0.2211583333333333,-0.925455971831986,-13.269499999999997,-3.480478701123535
0,5.5,62.75276720041473,20.940132243849465,-0.42561928356481465,-0.9832149357444183,-12.267657013888883,-3.465537834745935
0,5.516666666666667,62.74397045302192,20.923266212664302,-0.6299904035717268,-1.0407088064752428,-12.26226720041473,-3.4496322438494653
0,5.533333333333333,62.73190763095503,20.90544429280462,-0.8175482444554254,-1.0979215766863144,-11.253470453021922,-3.432766212664302
0,5.55,62.71672052026536,20.886671302041403,-1.0049050383046758,-1.1548373148997249,-11.241407630955027,-3.4149442928046208
0,5.566666666666666,62.69855179455469,20.867091211890013,-1.1753420469757652,-1.1947735032670816,-10.226220520265361,-2.3961713020414033
0,5.583333333333333,62.67754497546696,20.846848238056133,-1.3454762435516767,-1.2343833567985818,-10.208051794554688,-2.3765912118900134
0,5.6,62.65384439293895,20.82594791152087,-1.4985936598094594,-1.2736558274328507,-9.187044975466957,-2.3563482380561327
0,5.616666666666666,62.62759514522089,20.8043959466315,-1.6513160663584419,-1.312579959291532,-9.16334439293895,-2.3354479115208706
0,5.633333333333334,62.59880416978919,20.78219823953961,-1.8036009854454567,-1.3511448917353903,-9.137095145220886,-2.3138959466315017
0,5.65,62.56761800000818,20.75936086658853,-1.9387393882752764,-1.3893398623943838,-8.10830416978919,-2.2916982395396106
0,5.666666666666667,62.534183854925814,20.735890082650485,-2.073358021608746,-1.4271542101708592,-8.07711800000818,-2.26886086658853
0,5.683333333333334,62.498510709585815,20.711792319413934,-2.207419419190843,-1.464577378215034,-8.043683854925813,-2.245390082650485
0,5.7,62.46060816222297,20.687074183621544,-2.3408862643506065,-1.5015989168719328,-8.008010709585815,-2.2212923194139345
0,5.716666666666667,62.42062532057237,20.661742455259287,-2.457054733720989,-1.5382084865989585,-6.970108162222968,-2.1965741836215438
0,5.733333333333333,62.37871189093805,20.635804085697185,-2.5725568223971953,-1.57439586085328,-6.93012532057237,-2.1712424552592866
0,5.75,62.334879247802135,20.609266195782173,-2.6873603539128297,-1.610150928948233,-6.88821189093805,-2.145304085697185
0,5.766666666666667,62.2891393003414,20.58213607388362,-2.8014333413761987,-1.6454636988779359,-6.844379247802135,-2.1187661957821726
0,5.783333333333333,62.24150448919341,20.55442117389206,-2.9147439963818886,-1.6803243001093295,-6.798639300341397,-2.0916360738836213
0,5.8,62.19198778307466,20.526129113171642,-3.0272607378684455,-1.714722986340864,-6.75100448919341,-2.0639211738920595
0,5.816666666666666,62.14060267525142,20.497267670466908,-3.13895220091969,-1.748650138227058,-6.701487783074659,-2.035629113171642
0,5.833333333333333,62.08736317986453,20.46784478376445,-3.2497872455072137,-1.7820962660681732,-6.650102675251422,-2.0067676704669077
0,5.85,62.03228382810887,20.43786854811001,-3.3597349651716226,-1.8150520124642473,-6.596863179864532,-1.9773447837644484
0,5.866666666666666,61.97537966426878,20.4073472133817,-3.468764695640104,-1.8475081549327474,-6.541783828108874,-1.9473685481100107
0,5.883333333333334,61.916666241610294,20.376289182019853,-3.576846023377917,-1.8794556084891092,-6.484879664268779,-1.9168472133817014
0,5.9,61.85615961813155,20.344703006714198,-3.683948794071422,-1.91088542818944,-6.426166241610294,-1.8857891820198533
0,5.916666666666667,61.79387635217228,20.312597388048996,-3.790043121040281,-1.9417888116346766,-6.3656596181315495,-1.8542030067141981
0,5.933333333333334,61.72983349788381,20.279981172106744,-3.8950993935764857,-1.9721571014354933,-6.303376352172283,-1.822097388048996
0,5.95,61.664048600560605,20.246863348031138,-3.9990882852078826,-2.0019817876372725,-6.23933349788381,-1.7894811721067443
0,5.966666666666667,61.596678580723726,20.213253045549955,-4.085314095217226,-2.0312545101044583,-5.173548600560605,-1.7563633480311376
0,5.983333333333333,61.52815859877834,20.179159532458556,-4.137083738229289,-2.0599670608636242,-3.106178580723726,-1.722753045549955
0,6.0,61.45934086166913,20.144731100953543,-4.121044714875595,-2.0714447197379333,0.9623414012216599,-0.6886595324585557
0,6.016666666666667,61.390938888523756,20.110255045749444,-4.087192062570081,-2.0656819047538257,2.0311591383308665,0.34576889904645747
0,6.033333333333333,61.32311062652418,20.075879825802748,-4.05219937737881,-2.05934448884965,2.099561111476244,0.38024495425055627
0,6.05,61.255874996536406,20.041615003790557,-4.016076221154213,-2.052434152613029,2.1673893734758165,0.4146201741972525
0,6.066666666666666,61.189250757434316,20.007470113052037,-3.9788324710964864,-2.0449527360095385,2.234625003463594,0.44888499620944267
0,6.083333333333333,61.1232565008664,19.973454654936177,-3.940478317053725,-2.036902237893739,2.3012492425656843,0.48302988694796334
0,6.1,61.05791064606816,19.939716985046985,-3.901024258734832,-2.011618148809342,2.367243499133603,1.5170453450638233
0,6.116666666666666,60.993231434721736,19.906405402430018,-3.860481102835968,-1.9857717652267919,2.4325893539318413,1.5507830149530148
0,6.133333333333334,60.92923692586409,19.873529219481455,-3.81885996008133,-1.9593701886006256,2.4972685652782642,1.5840945975699823
0,6.15,60.86594499084525,19.841097628946518,-3.776172242179065,-1.9324206755919833,2.561263074135911,1.6169707805185451
0,6.166666666666667,60.80337330833798,19.809119701349296,-3.7324296586931527,-1.9049306360744251,2.62455500915475,1.6494023710534824
0,6.183333333333334,60.74153935940027,19.7776043824562,-3.687644213832119,-1.8769076310969135,2.6871266916620185,1.681380298650704
0,6.2,60.68046042259204,19.746421601884798,-3.6418282031554567,-1.8650260374711836,2.748960640599729,0.7128956175437998
0,6.216666666666667,60.620153569147426,19.71544117881557,-3.5949942101986574,-1.8526247308359303,2.8100395774079585,0.7440783981152023
0,6.233333333333333,60.56063565820396,19.684671747026805,-3.547155103017781,-1.8397070838161897,2.8703464308525737,0.7750588211844295
0,6.25,60.50192333209002,19.654121882887225,-3.498324030654514,-1.8262766129333032,2.9298643417960433,0.8058282529731954
0,6.266666666666667,60.44403301167188,19.623800102965713,-3.448514419522681,-1.8123369776480902,2.9885766679099772,0.8363781171127754
0,6.283333333333333,60.386980891761546,19.59371486165728,-3.3977399697172124,-1.7978919793641854,3.046466988328123,0.8666998970342866
0,6.3,60.33078293658685,19.56387454882598,-3.3460146512465716,-1.7829455603918067,3.103519108238454,0.8967851383427209
0,6.316666666666666,60.27545487532488,19.534287487465445,-3.293352700189686,-1.7675018028722398,3.15971706341315,0.9266254511740214
0,6.333333333333333,60.22101219770015,19.504961931377647,-3.2397686147784337,-1.7515649276633305,3.2150451246751173,0.9562125125345552
0,6.35,60.16747014964861,19.475906062870568,-3.1852771514067695,-1.7351392931862912,3.269487802299852,0.9855380686223533
0,6.366666666666666,60.11484372904882,19.447127990475398,-3.1298933205675796,-1.718229394234134,3.323029850351392,1.0145939371294324
0,6.383333333333334,60.063147681521436,19.41863574668393,-3.0736323827183933,-1.7008398607420574,3.375656270951178,1.0433720095246022
0,6.4,60.01239649629814,19.390437285706746,-3.016509844077084,-1.682975456520123,3.4273523184785644,1.071864253316071
0,6.416666666666667,59.962604402161254,19.36254048125284,-2.9585414523487197,-1.6646410779485687,3.4781035037018624,1.1000627142932542
0,6.433333333333334,59.91378536345514,19.3349531243313,-2.8997431923847405,-1.645841752636116,3.5278955978387456,1.1279595187471605
0,6.45,59.86595307617047,19.307682921075653,-2.8401312817756597,-1.6265826380416377,3.5767146365448594,1.1555468756687004
0,6.466666666666667,59.81912096410252,19.280737490591477,-2.779722166378501,-1.6068690200595652,3.62454692382953,1.182817078924347
0,6.483333333333333,59.77330217508453,19.254124362827902,-2.7185325157802094,-1.586706311569423,3.671379035897483,1.209762509408523
0,6.5,59.72850957729721,19.227850976473576,-2.656579218698285,-1.5661000509498881,3.717197824915469,1.236375637172098
0,6.516666666666667,59.684755755655395,19.201924676877677,-2.5938793783199054,-1.545055900557781,3.76199042270279,1.262649023526424
0,6.533333333333333,59.64205300827289,19.176352713996593,-2.530450307580829,-1.523579645172409,3.805744244344605,1.2885753231223225
0,6.55,59.6004133430065,19.151142240366777,-2.466309524385377,-1.5016771904056856,3.848446991727111,1.314147286003407
0,6.566666666666666,59.55984847408022,19.12630030910441,-2.4014747467688187,-1.4793545610784653,3.890086656993499,1.3393577596332227
0,6.583333333333333,59.52036981879045,19.101833871932392,-2.335963888003489,-1.4566178995635388,3.9306515259197807,1.3641996908955916
0,6.6,59.48198849429334,19.07774977723523,-2.2697950516499965,-1.4334734640957454,3.9701301812095506,1.3886661280676078
0,6.616666666666666,59.44471531447497,19.05405476814235,-2.2029865265548856,-1.409927627049666,4.00851150570666,1.4127502227647701
0,6.633333333333334,59.408560786905376,19.03075548064039,-2.135556781796135,-1.3859868731853717,4.045784685525031,1.4364452318576495
0,6.65,59.37353510987726,19.0077195528261,-2.0675244615778916,-1.3783244645293782,4.081939213094624,0.45974451935960936
0,6.666666666666667,59.33964816953014,18.98481453125716,-1.998908380075846,-1.3702781237431465,4.11696489012274,0.4827804471739007
0,6.683333333333334,59.30690953706089,18.96204679662099,-1.9297275162346819,-1.3618500325974325,4.150851830469857,0.505685468742839
0,6.7,59.27532846602128,18.939422692355944,-1.86000100851903,-1.3530424792077824,4.183590462939111,0.5284532033790114
0,6.716666666666667,59.24491388970346,18.9169485228841,-1.7897481496193846,-1.3438578574137148,4.2151715339787215,0.5510773076440564
0,6.733333333333333,59.215674418614014,18.89463055185458,-1.7189883811144422,-1.3342986661284497,4.245586110296538,0.5735514771159017
0,6.75,59.187618338037296,18.872475000398016,-1.6477412880913425,-1.3243675086593594,4.2748255813859855,0.5958694481454209
0,6.766666666666667,59.160753605688825,18.850488045392527,-1.5760265937252975,-1.3140670919993263,4.3028816619627035,0.6180249996019845
0,6.783333333333333,59.13508784945928,18.82867581774179,-1.5038641538201112,-1.3034002260892017,4.329746394311175,0.6400119546074726
0,6.8,59.11062836524985,18.807044400665617,-1.4312739513110992,-1.2923698230515648,4.355412150540718,0.6618241822582106
0,6.816666666666666,59.08738211489949,18.785599828003555,-1.35827609073193,-1.2809788963959918,4.379871634750148,0.6834555993343826
0,6.833333333333333,59.065355724204665,18.764348082531953,-1.2848907926469215,-1.2692305601960512,4.403117885100509,0.7049001719964451
0,6.85,59.04455548103219,18.743295094295,-1.2111383880503326,-1.2571280282382504,4.425144275795335,0.7261519174680472
0,6.866666666666666,59.02498733352565,18.722446738950154,-1.1370393127342024,-1.2446746131431672,4.445944518967809,0.747204905705
0,6.883333333333334,59.00665688840598,18.70180883612847,-1.0626141016262967,-1.231873725459003,4.465512666474349,0.768053261049846
0,6.9,58.989569409366595,18.68138714781025,-0.9878833830997296,-1.218728872727811,4.483843111594022,0.7886911638715289
0,6.916666666666667,58.97372981556363,18.661187376716477,-0.9128678732558395,-1.2052436585246484,4.500930590633405,0.8091128521897516
0,6.933333333333334,58.95914268020165,18.64121516471652,-0.8375883701819,-1.191421781469923,4.51677018443637,0.8293126232835234
0,6.95,58.94581222921526,18.62147609125248,-0.7620657481852608,-1.1772670342151983,4.5313573197983485,0.8492848352834798
0,6.966666666666667,58.933742340047,18.601975671780664,-0.6863209520055151,-1.1627833024027396,4.544687770784743,0.8690239087475212
0,6.983333333333333,58.922936540521896,18.582719356230648,-0.6103749910062984,-1.1479745635990841,4.556757659953003,0.8885243282193357
0,7.0,58.91339800781894,18.5637125274823,-0.53424893334833,-1.1328448862029283,4.567563459478104,0.9077806437693524
0,7.016666666666667,58.90512956753983,18.54496049986121,-0.45796390014531235,-1.1173984283276333,4.577101992181059,0.9267874725177015
0,7.033333333333333,58.89813369287525,18.526468517652994,-0.3815410596043095,-1.1016394366586535,4.585370432460169,0.9455395001387884
0,7.05,58.89241250386895,18.508241753636785,-0.3050016211522303,-1.0855722452862033,4.592366307124752,0.9640314823470063
0,7.066666666666666,58.88796776677976,18.490285307638455,-0.22836682955004606,-1.0692012745134831,4.598087496131053,0.9822582463632151
0,7.083333333333333,58.88480089354187,18.472604205103835,-0.15165795899637538,-1.0525310296407908,4.6025322332202405,1.0002146923615447
0,7.1,58.88291294132338,18.455203395692447,-0.07489630722207324,-1.0355660997258547,4.605699106458128,1.017895794896165
0,7.116666666666666,58.88230461218339,18.43808775189206,0.0,-1.0183111563207288,4.607587058676617,1.035296604307553
0,7.133333333333334,58.88280838932059,18.421262067654506,0.06045325646361017,-1.0007709521855965,3.6271953878166103,1.0524122481079408
0,7.15,58.88431965076313,18.404731057053127,0.12089811664160038,-0.9829503199798383,3.626691610679413,1.0692379323454935
0,7.166666666666667,58.886838116644554,18.388499352962207,0.18131778912888152,-0.9648541709307237,3.625180349236868,1.0857689429468733
0,7.183333333333334,58.8903632272805,18.37257150575878,0.2416954871848056,-0.9464874934800938,3.6226618833554456,1.1020006470377934
0,7.2,58.89489414328535,18.356951982047203,0.30201443339679723,-0.9278553519094068,3.6191367727194974,1.1179284942412187
0,7.216666666666667,58.90042974576651,18.341645163406763,0.36225786434204144,-0.9089628849435268,3.6146058567146513,1.1335480179527968
0,7.233333333333333,58.90696863659641,18.326655345162788,0.422409035245933,-0.8898153043336395,3.609070254233491,1.1488548365932365
0,7.25,58.91450913876209,18.31198673518151,0.4824512246359928,-0.870417893419686,3.60253136340359,1.1638446548372121
0,7.266666666666667,58.92304929679231,18.297643452689073,0.5423677389899579,-0.8507760056727112,3.594990861237908,1.1785132648184904
0,7.283333333333333,58.93258687726203,18.283629527114986,0.6021419173767528,-0.830895063217529,3.586450703207693,1.1928565473109272
0,7.3,58.943119369374244,18.269948896960372,0.6617571360890523,-0.8107805553361122,3.5769131227379676,1.2068704728850141
0,7.316666666666666,58.95464398561887,18.256605408691303,0.7211968132661483,-0.7904380369521183,3.5663806306257557,1.2205511030396279
0,7.333333333333333,58.96715766250864,18.24360281565756,0.7804444135058337,-0.7698731270969734,3.5548560143811274,1.2338945913086965
0,7.35,58.980657061391724,18.230944777037102,0.839483452464023,-0.7490915073579327,3.54234233749136,1.2468971843424397
0,7.366666666666666,58.99513856934093,18.21863485680655,0.8982975014408277,-0.7280989203085511,3.5288429386082756,1.2595552229628977
0,7.383333333333334,59.010598300119206,18.20667652273796,0.9568701919518121,-0.7069011679219935,3.5143614306590694,1.271865143193451
0,7.4,59.027032095221166,18.195073145422214,1.0151852202831586,-0.6855041099676262,3.4989016998807942,1.2838234772620387
0,7.416666666666667,59.04443552499044,18.183827997319224,1.0732263520294725,-0.6639136623913298,3.482467904778834,1.2954268545777863
0,7.433333333333334,59.06280388981246,18.172944251835297,1.130977426612965,-0.6421357956799835,3.4650644750095596,1.3066720026807763
0,7.45,59.08213222138242,18.162424982427876,1.1884223617827574,-0.6201765332105718,3.446696110187543,1.3175557481647031
0,7.466666666666667,59.10241528404806,18.152273161737916,1.2455451580930503,-0.5980419495843697,3.427367778617577,1.3280750175721243
0,7.483333333333333,59.12364757622682,18.142491660750157,1.302329903358916,-0.5757381689466683,3.4070847159519433,1.3382268382620834
0,7.5,59.14582333189722,18.133083247981496,1.3587607770884689,-0.5532713632925043,3.3858524237731773,1.3480083392498434
0,7.516666666666667,59.168936522163705,18.124050588697735,1.414822054890182,-0.5306477507588625,3.363676668102781,1.357416752018504
0,7.533333333333333,59.192980856894906,18.11539624415888,1.4704981128541201,-0.5078735939038247,3.3405634778362954,1.3664494113022654
0,7.55,59.21794978643457,18.10712267089324,1.5257734319058718,-0.48495519797313935,3.3165191431050944,1.3751037558411197
0,7.566666666666666,59.24383650338489,18.09923222000051,1.5806326021319623,-0.46189890915469334,3.2915502135654267,1.38337732910676
0,7.583333333333333,59.27063394446162,18.091727136484042,1.6350603270755475,-0.4387111128213685,3.265663496615109,1.3912677799994908
0,7.6,59.2983347924206,18.08460955861251,1.6890414280011872,-0.4153982317627692,3.238866055538378,1.3987728635159575
0,7.616666666666666,59.326931478055,18.077881517311102,1.7425608481275106,-0.39196672440631103,3.211165207579403,1.4058904413874904
0,7.633333333333334,59.356416182262954,18.07154493558248,1.7956036568265938,-0.36842308302816273,3.182568521944998,1.412618482688898
0,7.65,59.38678083818475,18.065601627957623,1.848155053788878,-0.3447738319545374,3.1530838177370457,1.4189550644175197
0,7.666666666666667,59.41801713340926,18.06005329997672,1.9002003731524655,-0.32102552575383114,3.122719161815252,1.4248983720423771
0,7.683333333333334,59.450116512248826,18.05490154770027,1.9517250875956444,-0.2971847474201098,3.0914828665907423,1.430446700023281
0,7.7,59.48307017808205,18.05014785725053,2.0027148123914973,-0.2732581065484476,3.059383487751174,1.4355984522997316
0,7.716666666666667,59.516869095763845,18.045793604383437,2.053155309423463,-0.2492522375026231,3.026429821917948,1.4403521427494708
0,7.733333333333333,59.55150399410205,18.041840054091118,2.1030324911607323,-0.2251737975756804,2.9926309042361554,1.4447063956165627
0,7.75,59.586965368399994,18.03828836023512,2.1523324245923647,-0.20102946514386572,2.957996005897951,1.448659945908882
0,7.766666666666667,59.62324348306426,18.035139565210468,2.2010413351190317,-0.17682593781445108,2.922534631600006,1.4522116397648785
0,7.783333333333333,59.66032837427693,18.032394599640615,2.249145610401294,-0.15256993056795887,2.8862565169357426,1.4553604347895321
0,7.8,59.69820985273164,18.03005428210342,2.296631804163345,-0.12826817389530243,2.849171625723071,1.4581054003593854
0,7.816666666666666,59.73687750643259,18.02811931888821,2.343486639951151,-0.10392741193035945,2.8112901472683633,1.4604457178965786
0,7.833333333333333,59.77632070355588,18.02659030378397,2.389697014843941,-0.07955440057849626,2.7726224935674084,1.4623806811117914
0,7.85,59.81652859537223,18.025467717898803,2.4352500031180098,-0.05515590564156242,2.733179296444118,1.4639096962160307
0,7.866666666666666,59.8574901192304,18.024751929510625,2.480132859861806,-0.030738700939875796,2.692971404627767,1.4650322821011974
0,7.883333333333334,59.89919400160042,18.024443193949196,2.524333024541299,-0.0,2.6520098807696018,1.4657480704893748
0,7.9,59.941628761175885,18.024510562950038,2.5678381245146253,0.0,2.6103059983995793,0.4850568060508039
0,7.916666666666667,59.984782712034296,18.024577922594073,2.6106359784950275,0.0,2.5678712388241154,0.484989437049962
0,7.933333333333334,60.028643966854766,18.0246452728826,2.6527145999611226,0.0,2.5247172879657045,0.48492207740592697
0,7.95,60.07320044019205,18.024712613816924,2.6940622005135433,0.0,2.4808560331452343,0.4848547271173985
0,7.966666666666667,60.118439851806144,18.024779945398336,2.734667193177009,0.0,2.4362995598079467,0.4847873861830764
0,7.983333333333333,60.16434973004635,18.024847267628143,2.7745181956469067,0.0,2.391060148193856,0.4847200546016638
0,8.0,60.21091741528907,18.024914580507637,2.8136040334794674,0.0,2.3451502699536535,0.4846527323718569
0,8.016666666666667,60.25813006342827,18.024981884038123,2.8519137432246495,0.0,2.2985825847109327,0.48458541949236256
0,8.033333333333333,60.30597464941765,18.025049178220897,2.889436575500845,0.0,2.2513699365717317,0.4845181159618769
0,8.05,60.35443797086358,18.025116463057255,2.926161998010551,0.0,2.2035253505823507,0.48445082177910315
0,8.066666666666666,60.403506651667804,18.0251837385485,2.962079698496158,0.0,2.1550620291364213,0.4843835369427446
0,8.083333333333334,60.4531671457189,18.025251004695924,2.997179587635028,0.0,2.1059933483321958,0.484316261451501
0,8.1,60.503405740631464,18.02531826150083,3.0314518018730463,0.0,2.0563328542810995,0.4842489953040755
0,8.116666666666667,60.554208561532036,18.025385508964508,3.064886706195855,0.0,2.0060942593685356,0.48418173849917145
0,8.133333333333333,60.60556157489064,18.025452747088263,3.097474896836988,0.0,1.955291438467964,0.4841144910354921
0,8.15,60.65745059239697,18.02551997587339,3.1292072039221437,0.0,1.9039384251093567,0.4840472529117371
0,8.166666666666666,60.70986127488006,18.025587195321187,3.160074694048861,0.0,1.8520494076030305,0.4839800241266098
0,8.183333333333334,60.762779136270474,18.02565440543295,3.19006867280086,0.0,1.7996387251199382,0.48391280467881337
0,8.2,60.816189547603784,18.025721606209974,3.219180687196352,0.0,1.746720863729526,0.4838455945670511
0,8.216666666666667,60.870077741064335,18.025788797653554,3.2474025280696224,0.0,1.693310452396216,0.4837783937900263
0,8.233333333333333,60.92442881406813,18.02585597976499,3.2747262323852167,0.0,1.6394222589356646,0.4837112023464457
0,8.25,60.97922773338371,18.02592315254558,3.301144085484081,0.0,1.585071185931871,0.4836440202350091
0,8.266666666666667,61.03445933928992,18.025990315996616,3.3266486232610193,0.0,1.530272266616291,0.48357684745441964
0,8.283333333333333,61.090108349769366,18.026057470119394,3.3512326342728542,0.0,1.475040660710083,0.48350968400338423
0,8.3,61.14615936473645,18.02612461491521,3.3748891617766983,0.0,1.4193916502306339,0.4834425298806061
0,8.316666666666666,61.202596870298734,18.02619175038536,3.3976115056977574,0.0,1.363340635263552,0.4833753850847885
0,8.333333333333334,61.2594052430506,18.02625887653114,3.419393224526112,0.0,1.3069031297012659,0.48330824961463825
0,8.35,61.316568754397835,18.026325993353847,3.440228137141935,0.0,1.250094756949399,0.4832411234688586
0,8.366666666666667,61.37407157491209,18.02639310085477,3.4601103245686375,0.0,1.192931245602165,0.48317400664615284
0,8.383333333333333,61.43189777871394,18.026460199035206,3.479034131653436,0.0,1.1354284250879134,0.4831068991452313
0,8.4,61.49003134788334,18.026527287896453,3.4969941686748705,0.0,1.0776022212860612,0.4830398009647937
0,8.416666666666666,61.548456176896266,18.026594367439802,3.513985312876815,0.0,1.0194686521166618,0.48297271210354686
0,8.433333333333334,61.60715607708631,18.026661437666547,3.530002709928544,0.0,0.9610438231037336,0.4829056325601976
0,8.45,61.66611478112997,18.026661437666547,3.545041775310439,0.0,0.9023439229136913,0.0
0,8.466666666666667,61.72531594755443,18.026661437666547,3.5590981956249395,0.0,0.84338521887003,0.0
0,8.483333333333333,61.78474316526657,18.026661437666547,3.5721679298323656,0.0,0.784184052445572,0.0
0,8.5,61.84437995810193,18.026661437666547,3.584247210411256,0.0,0.7247568347334309,0.0
0,8.516666666666667,61.90420978939238,18.026661437666547,3.5953325444428903,0.0,0.665120041898068,0.0
0,8.533333333333333,61.96421606655124,18.026661437666547,3.605420714619684,0.0,0.6052902106076176,0.0
0,8.55,62.024382145674544,18.026661437666547,3.614508780177163,0.0,0.5452839334487621,0.0
0,8.566666666666666,62.08469133615726,18.026661437666547,3.622594077749254,0.0,0.4851178543254563,0.0
0,8.583333333333334,62.14512690532306,18.026661437666547,3.629674222146633,0.0,0.42480866384273674,0.0
0,8.6,62.20567208306643,18.026661437666547,3.6357471070579153,0.0,0.36437309467693957,0.0
0,8.616666666666667,62.26631006650586,18.026661437666547,3.6408109056734745,0.0,0.30382791693356814,0.0
0,8.633333333333333,62.32702402464673,18.026661437666547,3.6448640712317104,0.0,0.24318993349414064,0.0
0,8.65,62.387797103052726,18.026661437666547,3.647905337487598,0.0,0.18247597535326754,0.0
0,8.666666666666666,62.44861242852432,18.026661437666547,3.649933719103386,0.0,0.12170289694727365,0.0
0,8.683333333333334,62.509453113783195,18.026661437666547,3.650948511961314,0.0,0.06088757147567925,0.0
0,8.7,62.57030226216119,18.026661437666547,3.6509492933982606,0.0,4.68862168049311e-05,0.0
0,8.716666666666667,62.63114297229253,18.026661437666547,3.6499359223622405,0.0,-0.06080226216119222,0.0
0,8.733333333333333,62.69195834280797,18.026661437666547,3.6479085394906985,0.0,-0.12164297229252974,0.0
0,8.75,62.75273147702965,18.026661437666547,3.6448675671105657,0.0,-0.1824583428079719,0.0
0,8.766666666666667,62.76,18.026661437666547,0.0,0.0,-0.24323147702964854,0.0
0,8.783333333333333,62.76,18.026661437666547,0.0,0.0,-0.0,0.0
0,8.8,62.76,18.026661437666547,0.0,0.0,-0.0,0.0
0,8.816666666666666,62.76,18.026661437666547,0.0,0.0,-0.0,0.0
0,8.833333333333334,62.76,18.026661437666547,0.0,0.0,-0.0,0.0
0,8.85,62.76,18.026661437666547,0.0,0.0,-0.0,0.0
0,8.866666666666667,62.76,18.026661437666547,0.0,0.0,-0.0,0.0
0,8.883333333333333,62.76,18.026661437666547,0.0,0.0,-0.0,0.0
0,8.9,62.76,18.026661437666547,0.0,0.0,-0.0,0.0
0,8.916666666666666,62.76,18.026661437666547,0.0,0.0,-0.0,0.0
0,8.933333333333334,62.76,18.026661437666547,0.0,0.0,-0.0,0.0
0,8.95,62.76,18.026661437666547,0.0,0.0,-0.0,0.0
0,8.966666666666667,62.76,18.026661437666547,0.0,0.0,-0.0,0.0
0,8.983333333333333,62.76,18.026661437666547,0.0,0.0,0.0,0.0
0,9.0,62.76,18.026661437666547,0.0,0.0,0.0,0.0
0,9.016666666666667,62.76,18.026661437666547,0.0,0.0,0.0,0.0
0,9.033333333333333,62.76,18.026661437666547,0.0,0.0,0.0,0.0
0,9.05,62.76,18.026661437666547,0.0,0.0,0.0,0.0
0,9.066666666666666,62.76,18.026661437666547,0.0,0.0,0.0,0.0
0,9.083333333333334,62.76,18.026661437666547,0.0,0.0,0.0,0.0
0,9.1,62.76,18.026661437666547,0.0,0.0,0.0,0.0
0,9.116666666666667,62.76,18.026661437666547,0.0,0.0,0.0,0.0
0,9.133333333333333,62.76,18.026661437666547,0.0,0.0,0.0,0.0
0,9.15,62.76,18.026661437666547,0.0,0.0,0.0,0.0
0,9.166666666666666,62.76,18.026661437666547,0.0,0.0,0.0,0.0
0,9.183333333333334,62.76,18.026661437666547,0.0,0.0,0.0,0.0
0,9.2,62.76,18.026661437666547,0.0,0.0,0.0,0.0
0,9.216666666666667,62.76,18.026661437666547,0.0,0.0,0.0,0.0
0,9.233333333333333,62.76,18.026661437666547,0.0,0.0,0.0,0.0
0,9.25,62.76,18.026661437666547,0.0,0.0,0.0,0.0
0,9.266666666666667,62.76,18.026661437666547,0.0,0.0,0.0,0.0
0,9.283333333333333,62.76,18.026661437666547,0.0,0.0,0.0,0.0
0,9.3,62.76,18.026661437666547,0.0,0.0,0.0,0.0
0,9.316666666666666,62.76,18.026661437666547,0.0,0.0,0.0,0.0
0,9.333333333333334,62.76,18.026661437666547,0.0,0.0,0.0,0.0
0,9.35,62.76,18.026661437666547,0.0,0.0,0.0,0.0
0,9.366666666666667,62.76,18.026661437666547,0.0,0.0,0.0,0.0
0,9.383333333333333,62.76,18.026661437666547,0.0,0.0,0.0,0.0
0,9.4,62.76,18.026661437666547,0.0,0.0,0.0,0.0
0,9.416666666666666,62.76,18.026661437666547,0.0,0.0,0.0,0.0
0,9.433333333333334,62.76,18.026661437666547,0.0,0.0,0.0,0.0
0,9.45,62.76,18.026661437666547,0.0,0.0,0.0,0.0
0,9.466666666666667,62.76,18.026661437666547,0.0,0.0,0.0,0.0
0,9.483333333333333,62.76,18.026661437666547,0.0,0.0,0.0,0.0
0,9.5,62.76,18.026661437666547,0.0,0.0,0.0,0.0
0,9.516666666666667,62.76,18.026661437666547,0.0,0.0,0.0,0.0
0,9.533333333333333,62.76,18.026661437666547,0.0,0.0,0.0,0.0
0,9.55,62.76,18.026661437666547,0.0,0.0,0.0,0.0
